Student_ID,Student_Name,Gender,Class,Section,Attendance,Mathematics,Physics,Chemistry,English,Computer_Science,Total,Percentage,Grade
STU0001,Priya E,Male,I PUC,D,80,85,47,43,97,62,334,66.8,C
STU0002,Pooja A,Male,II PUC,B,97,47,41,47,63,59,257,51.4,D
STU0003,Nikhil K,Female,I PUC,B,75,73,77,59,50,93,352,70.4,B
STU0004,Rohan L,Female,I PUC,D,71,93,61,48,55,69,326,65.2,C
STU0005,Pooja L,Male,I PUC,A,83,79,47,66,55,80,327,65.4,C
STU0006,Vihaan M,Female,II PUC,C,79,87,54,91,68,50,350,70.0,B
STU0007,Aditya T,Male,I PUC,B,82,55,63,64,63,87,332,66.4,C
STU0008,Priya V,Female,I PUC,B,100,74,64,59,90,89,376,75.2,B
STU0009,Aditya G,Female,I PUC,D,82,97,42,93,70,70,372,74.4,B
STU0010,Ananya E,Male,II PUC,D,74,70,96,100,91,74,431,86.2,A
STU0011,Meera C,Male,I PUC,B,97,82,65,65,64,53,329,65.8,C
STU0012,Kiran M,Female,II PUC,A,69,85,50,92,93,72,392,78.4,B
STU0013,Sneha D,Female,II PUC,B,82,88,86,49,93,79,395,79.0,B
STU0014,Sai Q,Male,II PUC,B,97,74,40,88,96,61,359,71.8,B
STU0015,Aarav T,Female,II PUC,A,98,54,63,90,60,79,346,69.2,C
STU0016,Priya S,Male,I PUC,D,68,52,99,65,69,60,345,69.0,C
STU0017,Arjun V,Female,I PUC,C,73,97,44,90,84,94,409,81.8,A
STU0018,Rahul W,Female,II PUC,C,99,78,95,80,77,58,388,77.6,B
STU0019,Priya C,Female,I PUC,B,80,73,97,75,78,52,375,75.0,B
STU0020,Priya C,Male,II PUC,A,68,82,54,42,54,90,322,64.4,C
STU0021,Akash E,Female,I PUC,D,78,77,55,59,92,76,359,71.8,B
STU0022,Rohan N,Female,II PUC,A,92,96,66,54,56,51,323,64.6,C
STU0023,Sneha Z,Male,I PUC,B,90,88,81,83,56,48,356,71.2,B
STU0024,Ananya O,Male,I PUC,D,76,57,74,70,58,72,331,66.2,C
STU0025,Akash A,Male,I PUC,B,68,96,95,96,85,51,423,84.6,A
STU0026,Vivaan F,Female,I PUC,D,90,71,71,72,63,100,377,75.4,B
STU0027,Nikhil W,Female,I PUC,B,83,61,99,92,100,74,426,85.2,A
STU0028,Vivaan X,Female,I PUC,A,99,63,53,45,87,92,340,68.0,C
STU0029,Ishita C,Male,I PUC,A,68,82,70,74,83,55,364,72.8,B
STU0030,Varun T,Male,I PUC,D,80,88,95,57,75,52,367,73.4,B
STU0031,Rahul V,Female,I PUC,C,81,87,77,78,83,65,390,78.0,B
STU0032,Sneha Y,Male,I PUC,D,94,70,48,84,91,64,357,71.4,B
STU0033,Ishita I,Male,II PUC,A,78,84,76,48,54,79,341,68.2,C
STU0034,Diya T,Male,II PUC,A,99,60,63,60,60,73,316,63.2,C
STU0035,Arjun I,Female,I PUC,C,100,53,56,49,56,92,306,61.2,C
STU0036,Ananya B,Male,II PUC,C,96,58,83,82,66,77,366,73.2,B
STU0037,Sai X,Female,II PUC,A,81,47,40,63,99,53,302,60.4,C
STU0038,Vivaan L,Male,II PUC,B,99,52,44,98,94,54,342,68.4,C
STU0039,Rohan G,Male,I PUC,C,67,47,59,65,100,100,371,74.2,B
STU0040,Priya F,Male,II PUC,A,74,94,75,98,76,84,427,85.4,A
STU0041,Ananya F,Male,II PUC,A,80,56,87,63,100,71,377,75.4,B
STU0042,Rohan J,Male,I PUC,A,94,99,70,56,62,97,384,76.8,B
STU0043,Ananya L,Female,II PUC,A,69,87,52,67,71,62,339,67.8,C
STU0044,Vivaan D,Female,II PUC,C,81,52,96,58,61,82,349,69.8,C
STU0045,Ananya B,Female,I PUC,B,77,72,78,74,57,69,350,70.0,B
STU0046,Vihaan X,Female,II PUC,D,85,68,67,46,92,66,339,67.8,C
STU0047,Rahul N,Female,I PUC,C,73,65,65,86,68,80,364,72.8,B
STU0048,Rahul N,Female,II PUC,D,83,70,75,95,50,64,354,70.8,B
STU0049,Aditya J,Female,I PUC,B,75,73,83,55,82,75,368,73.6,B
STU0050,Vivaan H,Female,I PUC,D,66,88,59,56,62,54,319,63.8,C
STU0051,Meera M,Male,I PUC,A,89,71,96,82,86,57,392,78.4,B
STU0052,Priya F,Female,I PUC,B,92,93,95,91,56,94,429,85.8,A
STU0053,Ishita R,Female,II PUC,D,94,99,47,71,58,96,371,74.2,B
STU0054,Harsha I,Male,II PUC,D,95,98,98,77,78,55,406,81.2,A
STU0055,Priya I,Female,II PUC,A,83,85,55,59,78,49,326,65.2,C
STU0056,Rahul C,Female,II PUC,C,74,53,49,56,74,89,321,64.2,C
STU0057,Kiran Y,Male,II PUC,D,91,79,69,68,53,58,327,65.4,C
STU0058,Nikhil R,Male,II PUC,B,89,45,100,64,69,93,371,74.2,B
STU0059,Kiran X,Male,II PUC,B,86,62,67,73,51,69,322,64.4,C
STU0060,Aditya U,Female,I PUC,D,66,84,74,43,75,82,358,71.6,B
STU0061,Harsha K,Female,II PUC,C,78,56,43,58,74,65,296,59.2,D
STU0062,Meera A,Male,II PUC,B,70,93,100,95,76,61,425,85.0,A
STU0063,Priya G,Male,I PUC,B,66,86,44,91,91,47,359,71.8,B
STU0064,Harsha W,Female,II PUC,B,78,53,70,84,57,81,345,69.0,C
STU0065,Diya D,Male,II PUC,D,75,83,78,89,95,52,397,79.4,B
STU0066,Vihaan W,Female,I PUC,A,80,70,100,87,62,49,368,73.6,B
STU0067,Ishita U,Female,I PUC,D,69,67,74,69,92,68,370,74.0,B
STU0068,Arjun N,Male,II PUC,D,94,97,71,48,77,68,361,72.2,B
STU0069,Sneha H,Male,II PUC,D,82,74,67,94,96,82,413,82.6,A
STU0070,Sneha A,Female,II PUC,B,89,60,88,71,86,84,389,77.8,B
STU0071,Pooja W,Female,I PUC,B,82,76,53,64,66,66,325,65.0,C
STU0072,Priya W,Female,II PUC,D,100,50,55,88,76,76,345,69.0,C
STU0073,Priya J,Female,II PUC,C,90,95,41,47,68,59,310,62.0,C
STU0074,Ananya J,Female,I PUC,A,94,72,87,77,71,67,374,74.8,B
STU0075,Sai G,Male,II PUC,C,99,91,52,62,57,92,354,70.8,B
STU0076,Vihaan G,Female,I PUC,C,83,91,77,90,83,83,424,84.8,A
STU0077,Ananya B,Male,II PUC,B,73,56,59,42,95,79,331,66.2,C
STU0078,Varun J,Female,II PUC,D,65,85,95,90,81,51,402,80.4,A
STU0079,Vihaan C,Female,II PUC,A,95,66,51,45,66,100,328,65.6,C
STU0080,Varun J,Male,I PUC,A,74,81,80,85,53,54,353,70.6,B
STU0081,Ishita M,Female,II PUC,C,79,80,88,68,88,83,407,81.4,A
STU0082,Pooja X,Male,I PUC,B,68,100,77,69,69,81,396,79.2,B
STU0083,Akash C,Male,I PUC,D,76,61,82,47,60,60,310,62.0,C
STU0084,Priya J,Female,II PUC,A,67,73,84,80,80,63,380,76.0,B
STU0085,Nikhil D,Male,I PUC,C,77,88,54,58,100,95,395,79.0,B
STU0086,Pooja X,Female,II PUC,A,84,97,49,46,53,55,300,60.0,C
STU0087,Ishita R,Female,II PUC,A,82,74,84,61,94,70,383,76.6,B
STU0088,Pooja I,Male,I PUC,B,85,83,42,98,77,92,392,78.4,B
STU0089,Ananya S,Male,I PUC,D,66,88,93,97,86,82,446,89.2,A
STU0090,Meera C,Female,II PUC,D,92,78,81,70,67,56,352,70.4,B
STU0091,Sneha N,Female,II PUC,D,75,66,60,84,56,99,365,73.0,B
STU0092,Sneha I,Female,I PUC,D,70,97,88,77,52,74,388,77.6,B
STU0093,Harsha N,Male,I PUC,C,99,100,72,94,50,87,403,80.6,A
STU0094,Rahul I,Male,II PUC,D,68,84,88,73,90,73,408,81.6,A
STU0095,Sai J,Male,II PUC,A,80,89,71,49,51,85,345,69.0,C
STU0096,Arjun P,Female,II PUC,D,72,59,93,100,57,74,383,76.6,B
STU0097,Arjun M,Male,I PUC,A,100,98,70,72,65,74,379,75.8,B
STU0098,Ananya A,Female,II PUC,D,97,62,89,92,76,66,385,77.0,B
STU0099,Sneha R,Female,II PUC,C,87,100,49,70,84,75,378,75.6,B
STU0100,Priya Y,Female,I PUC,C,89,100,52,86,65,81,384,76.8,B
STU0101,Meera B,Male,II PUC,A,74,92,70,87,74,69,392,78.4,B
STU0102,Aarav X,Male,II PUC,B,94,100,94,70,56,78,398,79.6,B
STU0103,Aditya K,Female,II PUC,D,90,49,70,92,66,66,343,68.6,C
STU0104,Diya H,Male,II PUC,A,80,100,74,44,89,49,356,71.2,B
STU0105,Diya A,Male,II PUC,A,75,93,80,87,56,73,389,77.8,B
STU0106,Ishita N,Male,I PUC,B,80,63,62,65,77,54,321,64.2,C
STU0107,Meera S,Male,I PUC,D,80,50,79,97,74,84,384,76.8,B
STU0108,Harsha J,Male,I PUC,D,65,85,56,71,66,87,365,73.0,B
STU0109,Harsha J,Male,II PUC,D,81,67,77,61,90,72,367,73.4,B
STU0110,Diya A,Female,II PUC,A,83,51,55,66,86,67,325,65.0,C
STU0111,Pooja X,Female,II PUC,B,68,81,95,85,99,92,452,90.4,A+
STU0112,Pooja I,Male,I PUC,A,77,83,91,64,64,85,387,77.4,B
STU0113,Arjun C,Female,II PUC,D,88,64,90,70,52,82,358,71.6,B
STU0114,Ishita Q,Female,I PUC,C,88,56,52,50,100,79,337,67.4,C
STU0115,Vihaan O,Male,I PUC,B,86,97,100,72,68,92,429,85.8,A
STU0116,Rohan C,Female,I PUC,C,100,100,83,88,93,70,434,86.8,A
STU0117,Varun M,Female,I PUC,B,81,79,47,71,73,88,358,71.6,B
STU0118,Aditya U,Female,II PUC,D,79,75,41,81,85,65,347,69.4,C
STU0119,Vihaan D,Male,I PUC,D,96,52,48,44,52,64,260,52.0,D
STU0120,Nikhil S,Male,II PUC,A,99,74,63,84,97,89,407,81.4,A
STU0121,Rohan G,Female,II PUC,B,67,98,71,81,76,62,388,77.6,B
STU0122,Rohan B,Female,II PUC,B,99,99,63,48,93,68,371,74.2,B
STU0123,Pooja A,Male,II PUC,B,78,52,100,96,79,50,377,75.4,B
STU0124,Rahul S,Male,I PUC,C,100,53,90,78,63,49,333,66.6,C
STU0125,Arjun E,Female,I PUC,A,82,94,49,92,88,45,368,73.6,B
STU0126,Priya S,Female,I PUC,B,87,87,95,43,58,45,328,65.6,C
STU0127,Vihaan X,Male,II PUC,D,98,61,43,50,97,71,322,64.4,C
STU0128,Ishita H,Male,II PUC,D,93,94,63,74,87,51,369,73.8,B
STU0129,Nikhil V,Male,II PUC,D,90,86,41,45,80,99,351,70.2,B
STU0130,Aditya E,Female,II PUC,D,74,49,97,47,70,83,346,69.2,C
STU0131,Vihaan Z,Male,I PUC,D,92,83,73,60,79,77,372,74.4,B
STU0132,Kiran N,Male,II PUC,D,94,73,96,56,76,66,367,73.4,B
STU0133,Aditya C,Male,I PUC,D,95,65,82,58,73,54,332,66.4,C
STU0134,Akash B,Female,I PUC,D,73,51,87,89,73,96,396,79.2,B
STU0135,Diya T,Female,II PUC,A,68,67,95,84,98,72,416,83.2,A
STU0136,Priya D,Female,II PUC,A,95,81,72,55,59,87,354,70.8,B
STU0137,Akash Y,Male,II PUC,A,92,93,57,78,64,96,388,77.6,B
STU0138,Rohan A,Male,I PUC,D,86,56,57,86,98,64,361,72.2,B
STU0139,Ishita G,Female,II PUC,D,70,49,49,89,90,46,323,64.6,C
STU0140,Varun T,Male,I PUC,B,85,66,50,65,69,91,341,68.2,C
STU0141,Ananya O,Female,II PUC,D,70,55,88,81,53,88,365,73.0,B
STU0142,Rohan N,Male,II PUC,D,72,71,57,55,98,77,358,71.6,B
STU0143,Pooja B,Male,I PUC,C,90,78,82,61,52,59,332,66.4,C
STU0144,Sneha D,Male,II PUC,D,83,58,89,50,98,61,356,71.2,B
STU0145,Ishita R,Female,I PUC,D,79,56,48,66,84,90,344,68.8,C
STU0146,Aditya K,Female,II PUC,D,94,100,87,44,77,46,354,70.8,B
STU0147,Pooja O,Female,I PUC,D,75,63,47,67,51,65,293,58.6,D
STU0148,Ishita C,Female,II PUC,C,90,99,46,57,77,82,361,72.2,B
STU0149,Vihaan Q,Male,II PUC,C,97,59,61,91,60,49,320,64.0,C
STU0150,Arjun I,Male,I PUC,B,71,91,92,83,59,60,385,77.0,B
STU0151,Harsha Y,Female,II PUC,C,96,93,88,83,54,56,374,74.8,B
STU0152,Ananya S,Male,II PUC,A,84,54,68,46,80,73,321,64.2,C
STU0153,Diya C,Male,II PUC,D,88,64,69,70,52,48,303,60.6,C
STU0154,Varun U,Male,II PUC,D,93,82,75,92,97,47,393,78.6,B
STU0155,Aditya Q,Male,I PUC,B,86,77,49,45,78,51,300,60.0,C
STU0156,Rohan L,Female,II PUC,D,75,90,68,70,83,78,389,77.8,B
STU0157,Aditya K,Male,II PUC,C,86,94,61,85,88,48,376,75.2,B
STU0158,Sneha C,Male,II PUC,C,74,61,86,96,92,83,418,83.6,A
STU0159,Diya R,Female,II PUC,B,70,86,84,84,75,53,382,76.4,B
STU0160,Aditya U,Female,II PUC,A,98,87,84,95,97,88,451,90.2,A+
STU0161,Rahul H,Male,I PUC,A,96,68,59,53,63,66,309,61.8,C
STU0162,Ishita B,Female,I PUC,D,99,63,94,92,56,77,382,76.4,B
STU0163,Harsha B,Female,II PUC,B,75,54,50,53,94,94,345,69.0,C
STU0164,Priya R,Male,II PUC,D,93,73,79,60,98,92,402,80.4,A
STU0165,Harsha Y,Female,II PUC,D,93,98,52,65,93,81,389,77.8,B
STU0166,Vivaan U,Female,II PUC,A,81,55,92,54,88,53,342,68.4,C
STU0167,Sai I,Female,I PUC,D,70,90,94,75,57,63,379,75.8,B
STU0168,Rohan A,Female,I PUC,D,93,50,100,100,64,97,411,82.2,A
STU0169,Priya A,Female,I PUC,C,88,77,63,57,74,50,321,64.2,C
STU0170,Arjun Y,Female,II PUC,A,95,95,49,50,52,63,309,61.8,C
STU0171,Akash X,Female,I PUC,C,74,50,41,58,63,98,310,62.0,C
STU0172,Pooja O,Male,I PUC,D,91,60,59,49,53,60,281,56.2,D
STU0173,Arjun J,Female,I PUC,C,80,83,74,43,90,77,367,73.4,B
STU0174,Ishita L,Male,I PUC,D,70,60,76,68,61,87,352,70.4,B
STU0175,Ananya X,Male,II PUC,A,88,100,70,44,90,69,373,74.6,B
STU0176,Varun X,Female,I PUC,A,71,67,55,88,92,85,387,77.4,B
STU0177,Meera U,Male,I PUC,A,94,67,74,63,91,56,351,70.2,B
STU0178,Vivaan Z,Male,I PUC,C,77,90,89,71,52,63,365,73.0,B
STU0179,Vivaan Y,Male,II PUC,C,81,64,72,67,84,75,362,72.4,B
STU0180,Vihaan Z,Female,II PUC,D,82,100,89,45,91,66,391,78.2,B
STU0181,Meera W,Female,II PUC,C,76,92,68,99,74,66,399,79.8,B
STU0182,Pooja F,Female,II PUC,A,92,96,45,88,77,50,356,71.2,B
STU0183,Pooja W,Female,I PUC,D,93,50,60,84,68,64,326,65.2,C
STU0184,Pooja N,Female,I PUC,A,87,67,68,44,96,100,375,75.0,B
STU0185,Aarav E,Female,I PUC,B,75,87,80,67,73,77,384,76.8,B
STU0186,Kiran S,Male,I PUC,D,88,49,55,91,91,68,354,70.8,B
STU0187,Ishita L,Female,II PUC,C,73,68,63,70,98,49,348,69.6,C
STU0188,Ishita M,Male,II PUC,C,96,60,47,43,97,56,303,60.6,C
STU0189,Rahul D,Male,I PUC,D,96,90,68,55,89,63,365,73.0,B
STU0190,Rohan W,Male,II PUC,C,85,56,97,87,78,50,368,73.6,B
STU0191,Rohan Q,Male,I PUC,B,76,99,50,87,95,89,420,84.0,A
STU0192,Rohan R,Female,II PUC,B,66,95,48,57,100,76,376,75.2,B
STU0193,Meera Q,Female,II PUC,A,90,84,96,47,54,64,345,69.0,C
STU0194,Ishita L,Male,I PUC,B,94,53,60,83,54,73,323,64.6,C
STU0195,Ishita E,Female,I PUC,B,72,72,72,100,53,98,395,79.0,B
STU0196,Diya C,Female,I PUC,C,98,65,99,87,64,67,382,76.4,B
STU0197,Ishita U,Male,I PUC,B,70,53,80,61,89,79,362,72.4,B
STU0198,Aarav C,Male,II PUC,B,67,87,79,88,88,66,408,81.6,A
STU0199,Meera U,Female,II PUC,D,66,94,76,68,89,85,412,82.4,A
STU0200,Harsha C,Male,I PUC,D,84,60,91,93,93,70,407,81.4,A
STU0201,Sneha W,Female,II PUC,D,74,71,70,71,63,66,341,68.2,C
STU0202,Sneha H,Female,I PUC,C,71,53,88,65,82,80,368,73.6,B
STU0203,Kiran T,Female,I PUC,B,83,73,55,51,56,48,283,56.6,D
STU0204,Sai P,Female,II PUC,C,77,97,60,78,96,65,396,79.2,B
STU0205,Priya G,Female,I PUC,A,94,76,41,47,75,77,316,63.2,C
STU0206,Diya R,Male,I PUC,D,95,63,71,80,91,88,393,78.6,B
STU0207,Rohan B,Female,I PUC,B,90,53,96,58,96,68,371,74.2,B
STU0208,Harsha Y,Female,I PUC,B,97,68,75,60,54,69,326,65.2,C
STU0209,Rohan Y,Male,I PUC,D,100,51,65,65,100,66,347,69.4,C
STU0210,Meera Q,Female,I PUC,B,86,77,42,44,52,53,268,53.6,D
STU0211,Pooja X,Female,II PUC,D,90,65,99,81,70,55,370,74.0,B
STU0212,Rohan K,Male,II PUC,C,66,90,76,61,80,97,404,80.8,A
STU0213,Pooja P,Female,I PUC,A,66,95,97,88,94,85,459,91.8,A+
STU0214,Arjun V,Male,I PUC,A,89,82,70,52,83,85,372,74.4,B
STU0215,Nikhil W,Male,II PUC,D,74,57,41,70,70,71,309,61.8,C
STU0216,Ishita G,Female,II PUC,D,73,100,94,89,96,48,427,85.4,A
STU0217,Rohan V,Female,II PUC,B,99,65,51,71,84,66,337,67.4,C
STU0218,Diya W,Male,II PUC,C,84,60,57,77,69,59,322,64.4,C
STU0219,Diya D,Female,II PUC,C,82,75,62,77,100,91,405,81.0,A
STU0220,Aditya L,Female,II PUC,D,83,94,91,51,68,47,351,70.2,B
STU0221,Ananya E,Male,I PUC,B,100,58,52,94,84,62,350,70.0,B
STU0222,Vivaan D,Female,II PUC,D,79,48,82,99,83,59,371,74.2,B
STU0223,Sai N,Female,II PUC,B,100,51,83,91,58,45,328,65.6,C
STU0224,Aditya U,Male,I PUC,B,68,93,58,62,68,86,367,73.4,B
STU0225,Meera F,Female,I PUC,A,90,71,96,95,61,47,370,74.0,B
STU0226,Harsha U,Female,I PUC,D,83,64,76,80,56,66,342,68.4,C
STU0227,Harsha U,Female,I PUC,A,75,62,52,93,57,66,330,66.0,C
STU0228,Sai T,Female,II PUC,C,77,92,61,92,68,81,394,78.8,B
STU0229,Meera K,Male,I PUC,C,73,50,65,84,56,56,311,62.2,C
STU0230,Diya S,Male,II PUC,C,86,69,55,70,98,62,354,70.8,B
STU0231,Diya F,Female,II PUC,A,94,89,55,45,92,52,333,66.6,C
STU0232,Priya E,Female,I PUC,D,79,85,98,60,73,84,400,80.0,A
STU0233,Meera Y,Male,I PUC,A,100,92,78,65,76,89,400,80.0,A
STU0234,Varun D,Male,I PUC,B,69,78,68,75,95,68,384,76.8,B
STU0235,Rahul W,Female,I PUC,D,72,55,60,96,83,73,367,73.4,B
STU0236,Harsha S,Male,II PUC,C,91,96,43,71,58,77,345,69.0,C
STU0237,Rahul S,Male,I PUC,D,65,91,41,67,66,97,362,72.4,B
STU0238,Meera B,Female,II PUC,B,69,67,84,46,84,48,329,65.8,C
STU0239,Rohan M,Female,II PUC,D,91,94,48,91,91,91,415,83.0,A
STU0240,Vihaan F,Female,I PUC,B,87,50,83,84,84,53,354,70.8,B
STU0241,Akash N,Female,I PUC,B,94,98,40,90,51,64,343,68.6,C
STU0242,Vivaan Z,Female,I PUC,B,72,74,62,51,67,57,311,62.2,C
STU0243,Pooja V,Male,I PUC,A,93,58,44,48,88,47,285,57.0,D
STU0244,Arjun Q,Female,I PUC,C,68,70,68,56,84,58,336,67.2,C
STU0245,Priya J,Male,I PUC,D,85,81,78,91,93,97,440,88.0,A
STU0246,Nikhil R,Female,I PUC,C,76,64,57,45,85,82,333,66.6,C
STU0247,Nikhil N,Male,II PUC,D,85,86,82,66,100,78,412,82.4,A
STU0248,Diya W,Male,II PUC,A,79,56,88,76,80,60,360,72.0,B
STU0249,Kiran H,Female,I PUC,C,73,80,66,68,85,78,377,75.4,B
STU0250,Rahul B,Female,II PUC,A,99,86,45,70,73,50,324,64.8,C
STU0251,Rahul P,Male,II PUC,C,100,100,44,54,98,82,378,75.6,B
STU0252,Priya W,Male,II PUC,B,95,45,53,54,97,52,301,60.2,C
STU0253,Akash U,Female,II PUC,C,94,80,60,91,68,69,368,73.6,B
STU0254,Meera Y,Female,I PUC,C,71,68,72,98,81,74,393,78.6,B
STU0255,Arjun A,Female,II PUC,C,79,65,66,44,86,100,361,72.2,B
STU0256,Meera R,Female,II PUC,D,80,54,52,63,64,69,302,60.4,C
STU0257,Rohan F,Male,II PUC,B,75,91,81,89,81,74,416,83.2,A
STU0258,Vivaan Y,Male,II PUC,B,69,79,81,45,83,47,335,67.0,C
STU0259,Aarav G,Female,II PUC,A,74,98,80,56,54,90,378,75.6,B
STU0260,Aarav A,Female,I PUC,A,96,84,80,84,89,75,412,82.4,A
STU0261,Ishita W,Female,I PUC,A,66,78,86,59,84,63,370,74.0,B
STU0262,Ananya L,Female,II PUC,A,98,51,73,51,65,57,297,59.4,D
STU0263,Diya V,Male,I PUC,A,79,68,65,71,86,60,350,70.0,B
STU0264,Aarav W,Male,I PUC,D,68,70,64,66,85,75,360,72.0,B
STU0265,Ishita B,Male,I PUC,D,71,99,67,83,100,66,415,83.0,A
STU0266,Varun V,Male,I PUC,C,99,62,42,46,93,62,305,61.0,C
STU0267,Aditya J,Male,I PUC,D,90,46,53,79,59,93,330,66.0,C
STU0268,Aditya Q,Female,I PUC,A,73,88,97,76,71,69,401,80.2,A
STU0269,Sneha A,Female,II PUC,D,90,72,54,95,54,66,341,68.2,C
STU0270,Varun V,Female,I PUC,C,76,59,62,77,74,72,344,68.8,C
STU0271,Arjun M,Male,II PUC,C,82,96,55,87,54,50,342,68.4,C
STU0272,Rohan Y,Female,I PUC,B,93,68,46,47,50,64,275,55.0,D
STU0273,Ishita N,Male,I PUC,A,100,50,51,69,78,80,328,65.6,C
STU0274,Kiran A,Female,II PUC,D,85,67,75,47,88,83,360,72.0,B
STU0275,Sai V,Female,I PUC,B,98,94,45,88,85,60,372,74.4,B
STU0276,Sai N,Female,II PUC,C,69,62,59,59,81,54,315,63.0,C
STU0277,Meera T,Male,II PUC,A,80,75,90,46,73,61,345,69.0,C
STU0278,Sneha O,Female,II PUC,B,89,53,59,42,75,66,295,59.0,D
STU0279,Sneha F,Female,II PUC,C,95,64,60,80,94,57,355,71.0,B
STU0280,Sneha M,Female,II PUC,C,80,92,84,82,81,81,420,84.0,A
STU0281,Sai V,Male,II PUC,B,99,52,99,78,62,82,373,74.6,B
STU0282,Meera E,Female,I PUC,C,91,73,91,60,94,49,367,73.4,B
STU0283,Aditya O,Female,II PUC,D,89,87,49,87,77,95,395,79.0,B
STU0284,Pooja U,Male,I PUC,B,99,79,42,92,73,89,375,75.0,B
STU0285,Varun U,Female,II PUC,D,67,87,82,64,60,86,379,75.8,B
STU0286,Ishita R,Male,II PUC,C,97,51,40,48,66,59,264,52.8,D
STU0287,Arjun L,Male,II PUC,A,97,70,69,91,93,82,405,81.0,A
STU0288,Rohan J,Female,II PUC,B,74,63,66,100,55,52,336,67.2,C
STU0289,Harsha K,Male,II PUC,A,93,78,70,64,80,51,343,68.6,C
STU0290,Vihaan V,Male,I PUC,B,86,96,85,49,51,99,380,76.0,B
STU0291,Priya Z,Female,I PUC,B,94,80,50,63,85,72,350,70.0,B
STU0292,Harsha S,Female,II PUC,A,77,85,82,69,75,46,357,71.4,B
STU0293,Varun D,Male,II PUC,C,69,90,53,55,67,93,358,71.6,B
STU0294,Ishita U,Female,II PUC,D,96,57,69,49,66,87,328,65.6,C
STU0295,Pooja F,Female,I PUC,B,94,82,47,64,72,99,364,72.8,B
STU0296,Rohan W,Male,II PUC,D,76,65,47,57,69,52,290,58.0,D
STU0297,Meera U,Male,I PUC,D,76,83,48,78,74,72,355,71.0,B
STU0298,Pooja B,Female,I PUC,D,93,63,48,53,70,98,332,66.4,C
STU0299,Meera N,Female,II PUC,D,97,53,52,94,74,80,353,70.6,B
STU0300,Diya B,Female,I PUC,C,79,76,50,47,86,46,305,61.0,C
STU0301,Akash Q,Male,I PUC,C,96,55,89,71,86,92,393,78.6,B
STU0302,Harsha R,Male,II PUC,A,67,94,74,94,73,79,414,82.8,A
STU0303,Vivaan O,Female,II PUC,A,84,92,93,83,98,60,426,85.2,A
STU0304,Rahul Z,Female,II PUC,B,80,73,95,49,99,96,412,82.4,A
STU0305,Vivaan S,Female,II PUC,B,78,84,48,92,63,97,384,76.8,B
STU0306,Ishita V,Male,I PUC,D,82,65,85,60,68,81,359,71.8,B
STU0307,Priya E,Female,I PUC,D,73,48,57,97,91,53,346,69.2,C
STU0308,Kiran O,Male,I PUC,D,91,76,49,78,90,62,355,71.0,B
STU0309,Meera K,Male,I PUC,D,94,77,87,59,94,68,385,77.0,B
STU0310,Akash M,Male,II PUC,B,69,85,82,86,72,99,424,84.8,A
STU0311,Varun E,Female,II PUC,A,100,76,57,62,68,66,329,65.8,C
STU0312,Aarav D,Male,II PUC,D,94,47,46,82,100,98,373,74.6,B
STU0313,Sai I,Male,II PUC,C,84,45,67,54,94,53,313,62.6,C
STU0314,Kiran U,Female,I PUC,D,68,50,63,84,91,55,343,68.6,C
STU0315,Meera C,Male,I PUC,D,78,86,45,87,56,45,319,63.8,C
STU0316,Nikhil W,Male,II PUC,A,72,45,40,86,71,97,339,67.8,C
STU0317,Vihaan K,Female,II PUC,B,71,59,64,47,96,96,362,72.4,B
STU0318,Arjun C,Male,I PUC,D,73,69,89,94,98,100,450,90.0,A+
STU0319,Nikhil T,Female,I PUC,A,74,67,86,55,90,92,390,78.0,B
STU0320,Rohan N,Female,I PUC,B,89,51,48,90,57,82,328,65.6,C
STU0321,Aarav V,Female,I PUC,B,83,62,81,47,65,80,335,67.0,C
STU0322,Meera M,Male,I PUC,D,80,92,65,60,91,48,356,71.2,B
STU0323,Sneha E,Female,II PUC,C,88,85,78,46,83,45,337,67.4,C
STU0324,Aarav S,Male,I PUC,C,69,79,83,53,98,75,388,77.6,B
STU0325,Diya U,Female,II PUC,D,97,58,42,45,100,70,315,63.0,C
STU0326,Ananya C,Female,I PUC,B,74,50,80,76,84,84,374,74.8,B
STU0327,Diya W,Female,I PUC,A,69,96,49,76,70,70,361,72.2,B
STU0328,Diya V,Male,I PUC,A,68,60,45,69,57,74,305,61.0,C
STU0329,Rohan Q,Female,I PUC,C,96,90,48,86,50,55,329,65.8,C
STU0330,Aarav K,Female,II PUC,A,72,53,87,91,67,91,389,77.8,B
STU0331,Harsha Q,Female,I PUC,D,96,61,85,78,90,49,363,72.6,B
STU0332,Vihaan S,Male,I PUC,A,81,99,76,52,73,55,355,71.0,B
STU0333,Meera L,Female,I PUC,B,67,47,94,97,50,60,348,69.6,C
STU0334,Priya K,Male,II PUC,C,91,99,42,77,95,92,405,81.0,A
STU0335,Ishita V,Male,I PUC,B,72,62,92,46,86,68,354,70.8,B
STU0336,Diya Y,Female,II PUC,A,94,96,73,44,75,49,337,67.4,C
STU0337,Varun Z,Female,I PUC,D,83,80,69,42,73,57,321,64.2,C
STU0338,Akash Y,Male,I PUC,A,77,68,77,73,99,94,411,82.2,A
STU0339,Sneha A,Female,II PUC,A,65,71,41,56,84,67,319,63.8,C
STU0340,Arjun W,Female,I PUC,A,68,58,73,57,76,76,340,68.0,C
STU0341,Harsha X,Male,I PUC,B,88,59,97,96,83,71,406,81.2,A
STU0342,Nikhil V,Male,I PUC,C,68,85,92,67,54,82,380,76.0,B
STU0343,Sneha O,Female,I PUC,A,85,61,94,62,75,89,381,76.2,B
STU0344,Arjun D,Male,II PUC,D,71,57,48,91,99,82,377,75.4,B
STU0345,Harsha J,Female,II PUC,A,78,65,66,49,84,67,331,66.2,C
STU0346,Rahul K,Male,I PUC,B,67,50,50,93,93,64,350,70.0,B
STU0347,Ananya F,Male,II PUC,D,84,67,65,74,53,88,347,69.4,C
STU0348,Vihaan Z,Male,I PUC,A,94,80,87,77,65,51,360,72.0,B
STU0349,Kiran L,Male,II PUC,A,77,48,93,91,64,53,349,69.8,C
STU0350,Aditya Z,Female,I PUC,A,73,46,44,54,91,73,308,61.6,C
STU0351,Meera A,Female,II PUC,B,90,74,43,52,86,72,327,65.4,C
STU0352,Harsha E,Male,I PUC,C,82,67,53,100,61,62,343,68.6,C
STU0353,Aditya I,Female,I PUC,D,68,76,66,98,85,75,400,80.0,A
STU0354,Aarav M,Female,II PUC,D,99,57,81,98,83,60,379,75.8,B
STU0355,Ananya F,Male,II PUC,B,89,67,98,78,82,65,390,78.0,B
STU0356,Meera Q,Female,I PUC,B,68,46,97,93,99,62,397,79.4,B
STU0357,Vivaan Y,Male,II PUC,C,99,51,55,84,65,62,317,63.4,C
STU0358,Rohan S,Male,II PUC,B,85,98,94,53,61,60,366,73.2,B
STU0359,Sai P,Male,I PUC,A,84,81,100,54,81,79,395,79.0,B
STU0360,Aarav K,Male,I PUC,C,95,59,78,56,51,78,322,64.4,C
STU0361,Arjun S,Male,I PUC,C,66,90,51,100,70,48,359,71.8,B
STU0362,Sneha J,Female,I PUC,B,71,49,63,87,92,70,361,72.2,B
STU0363,Sneha F,Female,I PUC,B,96,91,100,69,100,85,445,89.0,A
STU0364,Sai X,Male,II PUC,A,73,69,59,88,94,63,373,74.6,B
STU0365,Meera E,Female,I PUC,B,71,56,78,62,89,59,344,68.8,C
STU0366,Harsha A,Female,I PUC,B,86,67,60,52,90,50,319,63.8,C
STU0367,Aarav B,Female,II PUC,D,71,89,44,64,66,95,358,71.6,B
STU0368,Akash M,Male,II PUC,B,87,55,96,68,81,69,369,73.8,B
STU0369,Sneha I,Male,I PUC,C,66,55,68,46,52,63,284,56.8,D
STU0370,Akash C,Female,II PUC,A,69,55,96,66,60,91,368,73.6,B
STU0371,Sai B,Male,II PUC,B,92,72,100,83,60,83,398,79.6,B
STU0372,Ananya V,Female,II PUC,B,99,57,66,86,85,91,385,77.0,B
STU0373,Arjun B,Female,I PUC,D,96,51,43,67,86,80,327,65.4,C
STU0374,Rahul D,Male,I PUC,B,95,50,58,94,92,85,379,75.8,B
STU0375,Diya Z,Female,II PUC,D,72,85,58,47,80,99,369,73.8,B
STU0376,Sai L,Female,II PUC,B,89,87,56,47,91,79,360,72.0,B
STU0377,Priya I,Male,I PUC,A,81,73,42,58,78,74,325,65.0,C
STU0378,Akash B,Female,II PUC,D,79,50,82,64,84,71,351,70.2,B
STU0379,Kiran W,Male,I PUC,A,70,81,96,57,80,64,378,75.6,B
STU0380,Arjun B,Female,I PUC,D,77,93,68,53,60,58,332,66.4,C
STU0381,Sneha X,Male,I PUC,D,81,57,92,82,59,98,388,77.6,B
STU0382,Ishita O,Male,II PUC,A,82,80,65,77,70,99,391,78.2,B
STU0383,Vihaan S,Male,II PUC,C,71,71,49,51,86,82,339,67.8,C
STU0384,Vivaan F,Female,II PUC,B,95,71,56,66,91,76,360,72.0,B
STU0385,Kiran K,Male,I PUC,D,67,84,78,85,94,70,411,82.2,A
STU0386,Diya I,Female,I PUC,B,84,62,97,65,51,66,341,68.2,C
STU0387,Ananya X,Female,I PUC,B,85,53,59,89,78,94,373,74.6,B
STU0388,Ishita L,Male,I PUC,A,96,73,53,100,76,92,394,78.8,B
STU0389,Varun A,Male,I PUC,B,98,64,85,74,75,53,351,70.2,B
STU0390,Rohan W,Male,II PUC,C,68,98,43,57,52,74,324,64.8,C
STU0391,Aarav H,Female,II PUC,D,72,97,69,74,75,85,400,80.0,A
STU0392,Rohan F,Female,I PUC,C,87,56,95,72,87,80,390,78.0,B
STU0393,Priya U,Male,I PUC,C,78,46,64,45,60,99,314,62.8,C
STU0394,Meera E,Male,I PUC,B,65,86,66,74,51,100,377,75.4,B
STU0395,Nikhil M,Female,II PUC,C,82,61,78,93,69,90,391,78.2,B
STU0396,Varun D,Male,II PUC,C,90,58,69,61,93,78,359,71.8,B
STU0397,Ananya U,Female,II PUC,C,86,64,83,48,80,49,324,64.8,C
STU0398,Arjun Q,Male,I PUC,D,77,86,85,99,91,64,425,85.0,A
STU0399,Meera J,Female,II PUC,D,66,87,60,85,58,91,381,76.2,B
STU0400,Sneha X,Male,II PUC,C,77,69,87,44,87,90,377,75.4,B
STU0401,Sai J,Male,II PUC,B,100,77,59,96,60,98,390,78.0,B
STU0402,Sneha U,Male,I PUC,C,76,92,56,88,85,93,414,82.8,A
STU0403,Rohan I,Female,II PUC,A,86,59,87,97,69,71,383,76.6,B
STU0404,Meera G,Male,II PUC,C,69,75,43,97,90,82,387,77.4,B
STU0405,Sneha N,Female,I PUC,C,77,71,43,97,59,53,323,64.6,C
STU0406,Sneha U,Male,II PUC,A,96,100,85,53,99,50,387,77.4,B
STU0407,Varun Y,Male,II PUC,A,75,45,68,59,63,93,328,65.6,C
STU0408,Nikhil P,Female,I PUC,A,90,53,79,69,90,72,363,72.6,B
STU0409,Ishita G,Male,I PUC,B,85,79,52,88,73,45,337,67.4,C
STU0410,Vihaan M,Female,I PUC,A,73,59,84,98,72,64,377,75.4,B
STU0411,Pooja Q,Female,II PUC,B,98,97,42,61,68,74,342,68.4,C
STU0412,Sai Z,Female,I PUC,B,77,66,97,73,72,93,401,80.2,A
STU0413,Varun Q,Male,I PUC,C,66,59,86,50,63,91,349,69.8,C
STU0414,Akash T,Male,I PUC,A,81,90,81,92,52,69,384,76.8,B
STU0415,Nikhil O,Female,I PUC,C,72,86,93,43,53,89,364,72.8,B
STU0416,Diya N,Male,II PUC,B,65,75,84,51,63,89,362,72.4,B
STU0417,Diya D,Male,II PUC,B,72,71,93,99,56,77,396,79.2,B
STU0418,Rahul L,Female,II PUC,B,98,83,52,91,66,98,390,78.0,B
STU0419,Sneha H,Male,I PUC,A,95,47,75,73,63,89,347,69.4,C
STU0420,Aditya Y,Male,I PUC,C,74,52,93,78,92,76,391,78.2,B
STU0421,Vivaan D,Male,I PUC,C,94,86,54,71,68,61,340,68.0,C
STU0422,Vihaan Y,Male,I PUC,B,72,68,91,85,70,72,386,77.2,B
STU0423,Pooja I,Male,II PUC,C,93,87,81,52,71,67,358,71.6,B
STU0424,Kiran W,Female,II PUC,B,82,56,47,67,75,74,319,63.8,C
STU0425,Vihaan N,Female,II PUC,B,75,52,48,86,96,48,330,66.0,C
STU0426,Arjun P,Female,I PUC,D,66,84,64,91,72,84,395,79.0,B
STU0427,Aarav W,Male,II PUC,A,85,73,42,46,66,86,313,62.6,C
STU0428,Kiran E,Male,I PUC,B,87,72,82,88,65,75,382,76.4,B
STU0429,Aditya Y,Female,II PUC,B,75,77,94,72,81,100,424,84.8,A
STU0430,Kiran M,Male,I PUC,D,100,66,57,45,82,59,309,61.8,C
STU0431,Harsha K,Male,II PUC,A,96,73,91,78,78,50,370,74.0,B
STU0432,Aarav C,Female,I PUC,D,100,51,65,68,52,80,316,63.2,C
STU0433,Harsha K,Female,II PUC,D,79,66,63,94,53,97,373,74.6,B
STU0434,Sneha L,Female,II PUC,A,65,52,46,90,92,59,339,67.8,C
STU0435,Vihaan I,Male,I PUC,A,91,47,97,52,81,53,330,66.0,C
STU0436,Sneha D,Female,I PUC,A,77,99,65,55,79,97,395,79.0,B
STU0437,Arjun P,Male,I PUC,D,97,94,97,70,79,87,427,85.4,A
STU0438,Varun F,Male,I PUC,D,76,98,77,72,82,94,423,84.6,A
STU0439,Nikhil T,Male,II PUC,D,89,87,78,80,70,77,392,78.4,B
STU0440,Pooja W,Female,II PUC,B,91,66,58,70,58,53,305,61.0,C
STU0441,Arjun W,Male,II PUC,A,87,57,53,81,95,63,349,69.8,C
STU0442,Akash J,Female,I PUC,A,91,93,62,77,80,82,394,78.8,B
STU0443,Rahul I,Male,II PUC,C,68,46,64,51,53,87,301,60.2,C
STU0444,Rahul Y,Male,II PUC,D,83,54,93,45,94,95,381,76.2,B
STU0445,Priya X,Female,I PUC,C,100,51,79,97,93,92,412,82.4,A
STU0446,Sneha R,Male,I PUC,C,91,89,82,45,74,69,359,71.8,B
STU0447,Priya U,Female,I PUC,B,93,57,79,97,99,100,432,86.4,A
STU0448,Sai X,Male,II PUC,A,76,63,68,53,93,49,326,65.2,C
STU0449,Varun I,Male,II PUC,D,75,72,57,77,66,53,325,65.0,C
STU0450,Pooja B,Female,II PUC,C,85,90,99,51,52,54,346,69.2,C
STU0451,Sai Q,Male,I PUC,D,79,49,90,87,70,78,374,74.8,B
STU0452,Rahul V,Female,II PUC,C,79,79,74,67,55,67,342,68.4,C
STU0453,Akash Y,Male,I PUC,C,95,63,53,90,89,78,373,74.6,B
STU0454,Vivaan V,Female,II PUC,A,80,73,55,99,91,84,402,80.4,A
STU0455,Ishita Y,Female,II PUC,D,66,69,56,76,96,63,360,72.0,B
STU0456,Ishita C,Male,I PUC,A,85,47,58,99,91,57,352,70.4,B
STU0457,Nikhil D,Male,II PUC,A,78,85,44,55,92,85,361,72.2,B
STU0458,Vivaan C,Male,I PUC,B,86,92,83,51,51,74,351,70.2,B
STU0459,Ananya N,Female,II PUC,D,79,95,56,77,54,81,363,72.6,B
STU0460,Akash A,Male,I PUC,A,72,72,60,43,74,88,337,67.4,C
STU0461,Pooja C,Female,II PUC,D,84,67,99,74,56,63,359,71.8,B
STU0462,Akash H,Male,II PUC,C,75,70,92,84,51,75,372,74.4,B
STU0463,Aarav R,Male,I PUC,A,88,85,49,61,93,95,383,76.6,B
STU0464,Aditya J,Male,II PUC,B,100,45,76,80,75,79,355,71.0,B
STU0465,Sai H,Female,I PUC,A,75,71,97,83,82,54,387,77.4,B
STU0466,Akash O,Male,II PUC,A,68,56,82,93,86,99,416,83.2,A
STU0467,Sneha L,Male,I PUC,A,96,61,46,54,96,82,339,67.8,C
STU0468,Harsha K,Female,I PUC,C,96,63,79,46,62,65,315,63.0,C
STU0469,Priya Z,Male,II PUC,C,85,96,60,69,60,45,330,66.0,C
STU0470,Meera O,Female,II PUC,C,86,98,63,50,93,91,395,79.0,B
STU0471,Ananya E,Male,II PUC,A,70,76,75,48,61,86,346,69.2,C
STU0472,Aarav S,Female,I PUC,A,97,91,44,99,51,99,384,76.8,B
STU0473,Rohan M,Male,II PUC,B,74,80,56,76,84,75,371,74.2,B
STU0474,Ishita A,Male,I PUC,B,88,74,72,74,55,70,345,69.0,C
STU0475,Meera L,Male,I PUC,D,74,73,50,53,86,81,343,68.6,C
STU0476,Rahul Q,Female,II PUC,D,67,59,44,58,73,59,293,58.6,D
STU0477,Vihaan W,Female,II PUC,B,85,74,96,44,52,86,352,70.4,B
STU0478,Ishita I,Female,I PUC,D,69,69,81,66,73,82,371,74.2,B
STU0479,Pooja A,Male,II PUC,B,95,67,92,97,72,76,404,80.8,A
STU0480,Arjun F,Male,II PUC,A,78,59,44,74,91,62,330,66.0,C
STU0481,Meera V,Female,II PUC,B,72,87,54,68,71,91,371,74.2,B
STU0482,Vivaan E,Male,I PUC,A,80,82,50,83,76,46,337,67.4,C
STU0483,Ishita M,Male,II PUC,A,76,81,49,45,60,61,296,59.2,D
STU0484,Sai H,Female,I PUC,B,95,58,68,80,80,100,386,77.2,B
STU0485,Harsha T,Male,I PUC,D,86,84,82,74,66,55,361,72.2,B
STU0486,Ishita V,Female,I PUC,A,98,69,48,48,51,57,273,54.6,D
STU0487,Akash Q,Male,I PUC,D,67,56,70,99,89,83,397,79.4,B
STU0488,Nikhil Q,Female,II PUC,A,65,87,48,99,88,79,401,80.2,A
STU0489,Kiran L,Male,II PUC,B,95,89,73,69,64,96,391,78.2,B
STU0490,Diya T,Female,II PUC,B,70,61,70,91,64,99,385,77.0,B
STU0491,Vihaan Q,Male,II PUC,B,98,45,85,89,100,45,364,72.8,B
STU0492,Arjun N,Female,II PUC,D,71,89,91,62,76,68,386,77.2,B
STU0493,Rahul N,Female,I PUC,C,90,81,63,81,67,88,380,76.0,B
STU0494,Kiran X,Male,I PUC,B,87,80,75,72,66,64,357,71.4,B
STU0495,Ishita M,Female,I PUC,B,78,73,90,86,60,51,360,72.0,B
STU0496,Meera T,Female,I PUC,A,74,69,80,42,55,97,343,68.6,C
STU0497,Kiran M,Female,I PUC,B,67,61,54,65,55,83,318,63.6,C
STU0498,Diya G,Male,I PUC,B,98,85,71,70,50,57,333,66.6,C
STU0499,Sai C,Female,II PUC,C,65,88,42,65,65,86,346,69.2,C
STU0500,Aarav X,Male,I PUC,C,98,87,65,67,87,57,363,72.6,B
STU0501,Ananya H,Male,II PUC,D,87,91,93,77,87,67,415,83.0,A
STU0502,Vihaan R,Male,II PUC,C,97,81,40,58,61,71,311,62.2,C
STU0503,Harsha M,Female,I PUC,C,81,52,91,74,66,79,362,72.4,B
STU0504,Meera D,Female,I PUC,D,66,94,69,85,79,82,409,81.8,A
STU0505,Sneha N,Female,I PUC,C,79,85,90,56,93,89,413,82.6,A
STU0506,Aditya R,Male,II PUC,C,86,60,58,47,75,88,328,65.6,C
STU0507,Rahul P,Male,I PUC,B,76,67,53,99,86,62,367,73.4,B
STU0508,Pooja L,Male,I PUC,A,80,100,56,55,64,57,332,66.4,C
STU0509,Akash B,Female,II PUC,C,65,50,83,84,81,84,382,76.4,B
STU0510,Meera F,Female,II PUC,B,82,76,97,98,86,100,457,91.4,A+
STU0511,Meera R,Male,II PUC,D,92,93,76,50,53,78,350,70.0,B
STU0512,Ishita O,Female,I PUC,A,72,100,83,91,61,74,409,81.8,A
STU0513,Rohan T,Female,I PUC,C,85,88,53,66,87,51,345,69.0,C
STU0514,Sai P,Female,I PUC,D,88,60,57,72,89,66,344,68.8,C
STU0515,Ananya O,Male,I PUC,B,90,89,88,65,73,99,414,82.8,A
STU0516,Akash N,Female,I PUC,B,80,97,46,88,67,96,394,78.8,B
STU0517,Sai N,Female,I PUC,C,65,96,87,51,80,96,410,82.0,A
STU0518,Kiran D,Male,I PUC,B,68,95,71,61,66,80,373,74.6,B
STU0519,Sneha I,Female,II PUC,C,93,97,56,72,90,51,366,73.2,B
STU0520,Varun S,Male,II PUC,C,77,67,41,68,57,67,300,60.0,C
STU0521,Aditya M,Female,II PUC,B,93,65,83,74,81,94,397,79.4,B
STU0522,Aditya C,Male,II PUC,B,90,100,50,82,71,71,374,74.8,B
STU0523,Pooja U,Female,II PUC,D,82,65,60,83,68,90,366,73.2,B
STU0524,Harsha N,Male,I PUC,A,98,94,95,65,97,82,433,86.6,A
STU0525,Rahul F,Female,I PUC,A,70,53,86,57,92,61,349,69.8,C
STU0526,Aarav Y,Female,I PUC,A,68,49,99,98,80,80,406,81.2,A
STU0527,Diya H,Male,II PUC,D,89,61,79,51,55,86,332,66.4,C
STU0528,Aarav B,Female,II PUC,D,75,85,48,50,83,98,364,72.8,B
STU0529,Arjun W,Male,II PUC,D,93,74,95,76,67,80,392,78.4,B
STU0530,Meera R,Male,I PUC,D,87,78,80,82,84,64,388,77.6,B
STU0531,Aarav A,Male,II PUC,C,84,64,63,68,66,54,315,63.0,C
STU0532,Diya A,Female,II PUC,B,95,75,74,42,94,76,361,72.2,B
STU0533,Akash N,Female,I PUC,B,91,95,40,77,73,57,342,68.4,C
STU0534,Priya I,Male,II PUC,B,89,90,87,83,74,98,432,86.4,A
STU0535,Diya U,Female,II PUC,B,82,78,88,93,89,96,444,88.8,A
STU0536,Harsha T,Female,II PUC,D,72,99,44,53,58,63,317,63.4,C
STU0537,Aarav F,Male,II PUC,C,99,57,60,43,59,48,267,53.4,D
STU0538,Aditya E,Male,II PUC,B,79,53,85,70,96,45,349,69.8,C
STU0539,Rohan O,Male,II PUC,A,96,66,66,61,100,96,389,77.8,B
STU0540,Aditya R,Female,I PUC,B,90,98,88,51,53,62,352,70.4,B
STU0541,Vihaan Y,Male,II PUC,D,65,98,56,94,74,98,420,84.0,A
STU0542,Ishita V,Male,II PUC,D,71,60,87,44,62,74,327,65.4,C
STU0543,Akash Q,Male,II PUC,D,67,88,59,62,60,85,354,70.8,B
STU0544,Vihaan H,Female,II PUC,A,78,85,59,54,73,48,319,63.8,C
STU0545,Priya A,Male,II PUC,B,90,55,90,59,87,52,343,68.6,C
STU0546,Aditya V,Female,I PUC,A,96,68,89,47,65,55,324,64.8,C
STU0547,Arjun P,Male,II PUC,C,71,67,81,51,94,79,372,74.4,B
STU0548,Kiran L,Male,II PUC,A,66,96,97,70,96,57,416,83.2,A
STU0549,Meera G,Male,II PUC,C,99,76,85,70,85,63,379,75.8,B
STU0550,Sai C,Male,II PUC,C,100,91,69,59,88,100,407,81.4,A
STU0551,Ishita M,Male,I PUC,C,65,97,56,76,73,74,376,75.2,B
STU0552,Akash M,Male,II PUC,B,69,94,79,57,70,91,391,78.2,B
STU0553,Vihaan D,Male,I PUC,B,85,84,58,62,76,86,366,73.2,B
STU0554,Rahul D,Male,II PUC,D,96,56,95,44,62,51,308,61.6,C
STU0555,Rohan H,Male,I PUC,B,68,78,79,86,87,61,391,78.2,B
STU0556,Rohan R,Female,II PUC,A,68,86,71,98,55,74,384,76.8,B
STU0557,Diya C,Male,I PUC,A,69,97,79,59,83,47,365,73.0,B
STU0558,Ishita V,Male,I PUC,D,77,91,54,76,74,57,352,70.4,B
STU0559,Harsha W,Female,I PUC,B,87,92,46,91,90,81,400,80.0,A
STU0560,Sai R,Female,II PUC,C,86,95,51,77,75,77,375,75.0,B
STU0561,Sneha T,Male,I PUC,D,92,80,60,96,73,71,380,76.0,B
STU0562,Harsha M,Male,I PUC,C,93,94,75,89,66,68,392,78.4,B
STU0563,Diya H,Male,II PUC,A,65,83,41,75,58,64,321,64.2,C
STU0564,Akash S,Male,I PUC,A,97,94,92,86,67,80,419,83.8,A
STU0565,Varun H,Male,II PUC,C,88,74,62,51,58,61,306,61.2,C
STU0566,Sneha Z,Female,I PUC,D,69,50,76,67,86,58,337,67.4,C
STU0567,Pooja U,Female,I PUC,D,71,97,97,86,94,81,455,91.0,A+
STU0568,Nikhil N,Male,I PUC,A,87,50,89,45,99,66,349,69.8,C
STU0569,Ishita B,Female,I PUC,C,84,85,89,82,74,48,378,75.6,B
STU0570,Harsha Y,Male,I PUC,D,90,77,84,56,59,48,324,64.8,C
STU0571,Aditya P,Male,II PUC,C,86,63,90,67,59,53,332,66.4,C
STU0572,Arjun P,Male,II PUC,D,73,50,65,74,77,94,360,72.0,B
STU0573,Priya H,Male,II PUC,D,98,86,76,54,85,84,385,77.0,B
STU0574,Nikhil L,Female,I PUC,C,91,65,83,78,55,52,333,66.6,C
STU0575,Sai L,Female,I PUC,D,84,67,78,83,51,94,373,74.6,B
STU0576,Arjun Y,Male,I PUC,A,88,47,99,94,64,57,361,72.2,B
STU0577,Aarav K,Male,II PUC,D,83,60,100,81,59,100,400,80.0,A
STU0578,Rahul G,Female,II PUC,B,99,75,41,63,63,92,334,66.8,C
STU0579,Vivaan I,Male,I PUC,C,98,89,84,84,51,69,377,75.4,B
STU0580,Harsha U,Male,I PUC,D,68,57,90,86,89,62,384,76.8,B
STU0581,Aarav J,Female,I PUC,D,71,87,57,84,92,68,388,77.6,B
STU0582,Aditya F,Male,II PUC,A,99,77,85,48,70,76,356,71.2,B
STU0583,Kiran X,Male,I PUC,C,96,47,55,75,69,66,312,62.4,C
STU0584,Ishita I,Male,II PUC,D,80,88,62,64,90,64,368,73.6,B
STU0585,Sneha M,Male,I PUC,D,74,97,41,77,67,59,341,68.2,C
STU0586,Nikhil H,Male,II PUC,C,79,78,83,81,90,88,420,84.0,A
STU0587,Arjun S,Male,I PUC,C,78,83,61,70,84,53,351,70.2,B
STU0588,Arjun U,Male,II PUC,A,92,89,85,99,83,53,409,81.8,A
STU0589,Arjun X,Male,II PUC,D,85,80,74,88,57,56,355,71.0,B
STU0590,Arjun Y,Male,I PUC,B,82,71,59,70,97,97,394,78.8,B
STU0591,Pooja S,Male,I PUC,B,82,56,41,90,89,84,360,72.0,B
STU0592,Arjun Q,Female,II PUC,B,95,88,41,64,55,89,337,67.4,C
STU0593,Rahul H,Male,II PUC,A,75,99,64,73,80,53,369,73.8,B
STU0594,Rahul C,Male,II PUC,D,77,62,100,68,64,92,386,77.2,B
STU0595,Kiran Y,Male,II PUC,C,92,89,60,97,79,60,385,77.0,B
STU0596,Ishita U,Male,I PUC,D,99,70,79,89,86,83,407,81.4,A
STU0597,Akash M,Male,II PUC,A,98,74,92,98,52,60,376,75.2,B
STU0598,Harsha F,Female,II PUC,A,83,57,58,70,75,64,324,64.8,C
STU0599,Aditya X,Male,I PUC,B,93,89,73,99,59,74,394,78.8,B
STU0600,Harsha S,Male,II PUC,A,76,70,66,62,78,46,322,64.4,C
STU0601,Vihaan C,Male,II PUC,C,75,61,60,86,91,90,388,77.6,B
STU0602,Pooja F,Female,II PUC,A,97,50,73,87,74,91,375,75.0,B
STU0603,Sai E,Male,I PUC,D,74,94,50,100,71,81,396,79.2,B
STU0604,Sai D,Male,I PUC,A,83,64,59,88,99,73,383,76.6,B
STU0605,Meera R,Male,II PUC,B,96,84,88,58,50,74,354,70.8,B
STU0606,Harsha C,Male,I PUC,C,91,58,77,84,80,74,373,74.6,B
STU0607,Arjun B,Female,I PUC,B,76,84,80,77,63,48,352,70.4,B
STU0608,Sneha C,Male,I PUC,D,84,99,42,84,86,98,409,81.8,A
STU0609,Sai O,Female,I PUC,A,100,56,50,85,68,84,343,68.6,C
STU0610,Nikhil R,Male,II PUC,D,69,94,59,62,73,69,357,71.4,B
STU0611,Nikhil Q,Male,I PUC,A,98,53,47,86,67,66,319,63.8,C
STU0612,Meera X,Female,II PUC,C,70,51,76,88,90,78,383,76.6,B
STU0613,Pooja S,Female,II PUC,D,73,61,73,78,89,67,368,73.6,B
STU0614,Rahul A,Male,I PUC,D,83,96,51,98,89,59,393,78.6,B
STU0615,Pooja N,Female,I PUC,C,78,85,90,49,97,99,420,84.0,A
STU0616,Rahul W,Female,II PUC,A,65,67,75,93,90,58,383,76.6,B
STU0617,Vihaan V,Female,II PUC,D,65,64,59,74,85,65,347,69.4,C
STU0618,Rahul K,Female,II PUC,D,76,91,76,81,51,98,397,79.4,B
STU0619,Harsha R,Female,II PUC,D,74,96,42,83,58,75,354,70.8,B
STU0620,Akash R,Male,I PUC,C,85,92,43,95,83,64,377,75.4,B
STU0621,Arjun I,Male,II PUC,D,69,96,98,98,100,67,459,91.8,A+
STU0622,Sai T,Male,II PUC,C,89,85,74,95,60,81,395,79.0,B
STU0623,Priya L,Female,II PUC,B,96,90,42,59,76,50,317,63.4,C
STU0624,Rahul C,Female,I PUC,D,67,78,59,53,57,68,315,63.0,C
STU0625,Diya Y,Female,I PUC,A,98,77,49,54,71,75,326,65.2,C
STU0626,Vivaan O,Female,I PUC,A,78,97,100,75,93,53,418,83.6,A
STU0627,Sneha O,Male,I PUC,C,70,64,99,44,93,99,399,79.8,B
STU0628,Sneha G,Male,II PUC,C,78,46,76,90,69,85,366,73.2,B
STU0629,Ananya E,Male,II PUC,A,72,79,60,91,78,87,395,79.0,B
STU0630,Akash L,Female,II PUC,B,78,45,79,77,82,51,334,66.8,C
STU0631,Aditya J,Female,II PUC,A,75,90,91,60,86,60,387,77.4,B
STU0632,Kiran B,Male,II PUC,D,71,53,41,72,93,48,307,61.4,C
STU0633,Pooja L,Female,II PUC,B,93,56,85,80,87,85,393,78.6,B
STU0634,Varun E,Male,II PUC,A,94,90,88,84,84,50,396,79.2,B
STU0635,Meera H,Male,I PUC,C,94,74,59,85,91,90,399,79.8,B
STU0636,Sneha O,Female,I PUC,A,86,68,65,53,94,87,367,73.4,B
STU0637,Diya Y,Female,I PUC,A,75,75,47,64,80,74,340,68.0,C
STU0638,Akash U,Male,II PUC,D,85,70,92,87,100,51,400,80.0,A
STU0639,Akash F,Female,II PUC,A,80,70,77,68,65,84,364,72.8,B
STU0640,Nikhil S,Female,I PUC,B,92,66,53,94,94,82,389,77.8,B
STU0641,Vihaan S,Female,II PUC,A,96,87,82,46,97,90,402,80.4,A
STU0642,Pooja D,Female,II PUC,D,69,97,68,53,69,70,357,71.4,B
STU0643,Varun Y,Male,I PUC,B,73,86,82,45,55,58,326,65.2,C
STU0644,Rahul G,Female,II PUC,C,93,73,74,60,74,84,365,73.0,B
STU0645,Pooja Q,Female,I PUC,C,65,72,85,100,72,50,379,75.8,B
STU0646,Akash L,Male,II PUC,A,65,48,63,99,85,48,343,68.6,C
STU0647,Kiran M,Female,II PUC,B,85,60,67,86,87,70,370,74.0,B
STU0648,Kiran L,Female,I PUC,C,100,87,51,72,58,57,325,65.0,C
STU0649,Aarav E,Female,II PUC,B,69,100,82,50,58,45,335,67.0,C
STU0650,Pooja N,Male,II PUC,D,94,50,48,83,76,100,357,71.4,B
STU0651,Sai N,Male,II PUC,B,79,80,92,70,74,67,383,76.6,B
STU0652,Vivaan B,Female,II PUC,A,88,90,72,59,76,79,376,75.2,B
STU0653,Ananya O,Male,I PUC,B,98,82,70,86,55,54,347,69.4,C
STU0654,Akash Z,Female,I PUC,C,69,75,80,89,92,87,423,84.6,A
STU0655,Meera S,Female,II PUC,C,97,79,89,42,80,74,364,72.8,B
STU0656,Varun I,Male,II PUC,B,84,96,58,60,60,47,321,64.2,C
STU0657,Diya P,Male,I PUC,A,66,81,43,84,68,96,372,74.4,B
STU0658,Ananya I,Male,I PUC,B,82,99,90,59,66,53,367,73.4,B
STU0659,Sai I,Male,II PUC,B,88,82,87,51,92,73,385,77.0,B
STU0660,Arjun T,Male,II PUC,D,70,96,73,97,52,66,384,76.8,B
STU0661,Rahul S,Female,I PUC,C,75,94,64,57,92,73,380,76.0,B
STU0662,Kiran P,Female,II PUC,B,94,93,92,49,53,55,342,68.4,C
STU0663,Arjun Q,Female,I PUC,C,81,69,83,87,74,75,388,77.6,B
STU0664,Vivaan D,Female,II PUC,C,98,96,68,66,93,65,388,77.6,B
STU0665,Harsha Y,Male,I PUC,C,90,66,57,59,56,61,299,59.8,D
STU0666,Aarav C,Male,II PUC,A,65,88,84,53,70,80,375,75.0,B
STU0667,Diya I,Male,I PUC,A,79,78,46,85,78,67,354,70.8,B
STU0668,Pooja U,Male,I PUC,A,78,84,45,45,88,87,349,69.8,C
STU0669,Vihaan W,Male,II PUC,C,76,99,78,50,74,87,388,77.6,B
STU0670,Nikhil W,Female,II PUC,B,82,74,82,46,90,74,366,73.2,B
STU0671,Kiran K,Male,II PUC,C,89,94,44,59,99,48,344,68.8,C
STU0672,Sai U,Female,I PUC,B,90,56,68,46,81,57,308,61.6,C
STU0673,Harsha W,Female,I PUC,A,71,79,89,69,63,84,384,76.8,B
STU0674,Aarav P,Male,I PUC,A,93,49,44,78,96,61,328,65.6,C
STU0675,Kiran S,Male,II PUC,D,86,87,64,59,59,89,358,71.6,B
STU0676,Akash H,Male,II PUC,D,69,72,65,96,96,94,423,84.6,A
STU0677,Kiran B,Male,II PUC,C,84,52,76,76,72,66,342,68.4,C
STU0678,Rahul F,Male,II PUC,B,83,50,93,71,98,94,406,81.2,A
STU0679,Meera C,Female,I PUC,B,87,64,84,66,56,85,355,71.0,B
STU0680,Meera M,Male,II PUC,D,80,47,52,43,96,82,320,64.0,C
STU0681,Sneha B,Female,I PUC,D,67,79,93,93,78,46,389,77.8,B
STU0682,Harsha V,Male,I PUC,A,98,52,53,93,91,87,376,75.2,B
STU0683,Meera T,Male,I PUC,B,66,47,87,51,81,86,352,70.4,B
STU0684,Harsha T,Male,I PUC,A,71,45,51,82,53,64,295,59.0,D
STU0685,Rahul N,Female,II PUC,C,69,52,71,80,89,59,351,70.2,B
STU0686,Rahul Y,Male,I PUC,C,85,52,83,78,84,53,350,70.0,B
STU0687,Sai W,Female,I PUC,D,91,49,47,59,59,93,307,61.4,C
STU0688,Pooja M,Male,I PUC,D,71,60,99,79,52,53,343,68.6,C
STU0689,Nikhil W,Female,I PUC,B,83,50,40,42,61,50,243,48.6,D
STU0690,Priya F,Male,I PUC,D,91,54,80,59,83,73,349,69.8,C
STU0691,Rohan N,Male,I PUC,B,84,84,100,47,90,97,418,83.6,A
STU0692,Ishita H,Female,I PUC,C,99,52,73,48,89,68,330,66.0,C
STU0693,Meera F,Male,I PUC,A,95,48,52,49,100,54,303,60.6,C
STU0694,Sneha T,Female,I PUC,A,81,86,63,60,63,72,344,68.8,C
STU0695,Meera Q,Male,I PUC,B,66,92,43,76,61,55,327,65.4,C
STU0696,Rahul X,Female,I PUC,A,91,91,68,79,87,65,390,78.0,B
STU0697,Rahul M,Male,I PUC,D,91,65,54,48,65,92,324,64.8,C
STU0698,Pooja O,Male,II PUC,C,78,82,71,45,77,54,329,65.8,C
STU0699,Ananya G,Female,I PUC,A,87,53,69,88,62,85,357,71.4,B
STU0700,Harsha O,Female,I PUC,C,72,89,76,45,67,53,330,66.0,C
STU0701,Varun R,Male,I PUC,D,75,59,96,60,88,55,358,71.6,B
STU0702,Harsha I,Male,II PUC,B,95,99,73,73,63,82,390,78.0,B
STU0703,Varun A,Female,I PUC,A,74,60,60,69,87,59,335,67.0,C
STU0704,Ishita M,Female,I PUC,D,92,75,86,91,82,47,381,76.2,B
STU0705,Nikhil G,Male,II PUC,C,65,76,55,47,85,93,356,71.2,B
STU0706,Sai W,Female,I PUC,D,84,60,81,47,51,75,314,62.8,C
STU0707,Rohan U,Female,I PUC,A,76,74,89,50,95,70,378,75.6,B
STU0708,Diya N,Female,I PUC,A,67,69,97,86,71,78,401,80.2,A
STU0709,Rohan B,Male,II PUC,C,97,84,96,63,97,48,388,77.6,B
STU0710,Akash W,Male,I PUC,B,76,74,79,44,73,68,338,67.6,C
STU0711,Varun W,Male,I PUC,C,95,66,55,76,57,86,340,68.0,C
STU0712,Ananya B,Male,II PUC,C,92,67,97,59,82,88,393,78.6,B
STU0713,Meera W,Female,II PUC,C,72,73,71,74,83,98,399,79.8,B
STU0714,Aditya C,Female,I PUC,C,94,96,83,86,54,57,376,75.2,B
STU0715,Meera E,Male,I PUC,C,74,49,46,52,67,52,266,53.2,D
STU0716,Nikhil O,Male,II PUC,B,87,71,83,76,58,75,363,72.6,B
STU0717,Sneha N,Female,II PUC,D,98,49,41,97,64,98,349,69.8,C
STU0718,Harsha O,Female,I PUC,C,100,82,82,86,83,98,431,86.2,A
STU0719,Diya Y,Male,I PUC,C,88,55,90,58,64,75,342,68.4,C
STU0720,Diya F,Male,I PUC,B,99,63,69,52,89,55,328,65.6,C
STU0721,Harsha I,Female,I PUC,B,73,60,47,44,70,81,302,60.4,C
STU0722,Arjun L,Female,I PUC,C,87,80,85,44,92,65,366,73.2,B
STU0723,Harsha K,Male,I PUC,C,74,52,98,43,75,76,344,68.8,C
STU0724,Varun X,Female,II PUC,A,74,86,85,60,80,63,374,74.8,B
STU0725,Vihaan J,Male,II PUC,B,100,91,70,99,52,53,365,73.0,B
STU0726,Varun Q,Male,II PUC,B,77,73,62,47,70,48,300,60.0,C
STU0727,Ishita M,Male,II PUC,C,70,46,45,76,78,88,333,66.6,C
STU0728,Kiran E,Female,II PUC,D,88,83,78,74,53,87,375,75.0,B
STU0729,Harsha R,Male,I PUC,D,84,68,40,60,72,67,307,61.4,C
STU0730,Nikhil X,Female,I PUC,A,75,92,66,93,78,63,392,78.4,B
STU0731,Sneha C,Female,I PUC,A,98,54,53,61,80,100,348,69.6,C
STU0732,Akash O,Male,I PUC,B,76,71,80,100,67,71,389,77.8,B
STU0733,Diya S,Female,II PUC,D,67,98,64,60,85,76,383,76.6,B
STU0734,Diya U,Female,I PUC,C,81,59,41,92,50,54,296,59.2,D
STU0735,Aarav D,Female,II PUC,A,80,71,51,73,94,86,375,75.0,B
STU0736,Ananya U,Female,I PUC,C,92,83,87,65,87,75,397,79.4,B
STU0737,Sai S,Male,I PUC,C,81,77,86,78,51,99,391,78.2,B
STU0738,Vivaan I,Female,II PUC,C,75,74,96,86,58,67,381,76.2,B
STU0739,Ishita G,Male,I PUC,B,69,48,58,60,83,85,334,66.8,C
STU0740,Ananya V,Female,I PUC,C,84,79,60,97,70,97,403,80.6,A
STU0741,Rohan Y,Female,II PUC,C,83,97,49,42,58,78,324,64.8,C
STU0742,Rahul Z,Male,II PUC,D,79,55,46,55,59,77,292,58.4,D
STU0743,Rohan J,Female,I PUC,D,95,49,47,94,58,46,294,58.8,D
STU0744,Aarav X,Male,I PUC,B,84,83,73,90,71,56,373,74.6,B
STU0745,Arjun G,Male,I PUC,D,84,99,84,51,94,59,387,77.4,B
STU0746,Meera Y,Female,I PUC,B,66,89,88,92,57,49,375,75.0,B
STU0747,Meera D,Female,I PUC,A,68,51,42,92,92,77,354,70.8,B
STU0748,Pooja G,Male,I PUC,C,72,64,82,42,98,51,337,67.4,C
STU0749,Rohan F,Male,I PUC,A,87,46,45,51,97,62,301,60.2,C
STU0750,Rahul J,Male,I PUC,A,78,97,77,90,50,78,392,78.4,B
STU0751,Varun F,Female,I PUC,B,88,58,98,74,95,75,400,80.0,A
STU0752,Priya N,Male,II PUC,A,97,98,62,66,77,58,361,72.2,B
STU0753,Diya R,Male,I PUC,C,88,74,47,75,58,76,330,66.0,C
STU0754,Harsha H,Female,II PUC,D,84,76,47,66,68,74,331,66.2,C
STU0755,Sai A,Female,I PUC,D,88,57,94,46,80,88,365,73.0,B
STU0756,Arjun M,Female,I PUC,B,72,73,73,84,93,50,373,74.6,B
STU0757,Vihaan H,Female,II PUC,C,90,49,63,54,71,57,294,58.8,D
STU0758,Kiran L,Female,II PUC,D,82,93,85,91,87,82,438,87.6,A
STU0759,Vihaan I,Female,II PUC,B,71,77,57,51,99,74,358,71.6,B
STU0760,Aditya P,Male,I PUC,D,68,85,100,50,51,51,337,67.4,C
STU0761,Aditya V,Female,II PUC,B,71,83,83,62,59,64,351,70.2,B
STU0762,Akash K,Male,I PUC,D,81,63,82,73,81,77,376,75.2,B
STU0763,Harsha O,Male,I PUC,B,89,52,64,70,70,99,355,71.0,B
STU0764,Meera N,Male,II PUC,D,75,80,82,97,99,64,422,84.4,A
STU0765,Akash V,Female,II PUC,B,96,76,88,49,86,88,387,77.4,B
STU0766,Pooja V,Female,II PUC,C,89,77,43,67,66,76,329,65.8,C
STU0767,Rohan Z,Male,II PUC,D,88,48,41,79,52,53,273,54.6,D
STU0768,Vivaan V,Male,I PUC,B,87,51,67,64,72,71,325,65.0,C
STU0769,Diya D,Female,I PUC,A,69,86,59,79,55,89,368,73.6,B
STU0770,Varun Q,Female,II PUC,A,92,79,60,44,79,87,349,69.8,C
STU0771,Varun M,Female,I PUC,D,89,89,70,79,51,65,354,70.8,B
STU0772,Ishita Z,Female,I PUC,C,96,51,84,85,63,66,349,69.8,C
STU0773,Akash G,Female,II PUC,A,69,68,67,54,81,85,355,71.0,B
STU0774,Varun D,Female,II PUC,A,70,64,76,67,64,84,355,71.0,B
STU0775,Rohan Z,Male,II PUC,C,78,81,91,75,80,72,399,79.8,B
STU0776,Kiran I,Female,I PUC,A,91,72,82,76,70,57,357,71.4,B
STU0777,Rahul V,Female,II PUC,D,96,85,85,75,61,81,387,77.4,B
STU0778,Rohan O,Male,I PUC,B,77,81,86,82,53,78,380,76.0,B
STU0779,Nikhil K,Male,I PUC,D,92,92,83,90,69,99,433,86.6,A
STU0780,Pooja H,Female,I PUC,A,81,62,92,60,91,55,360,72.0,B
STU0781,Harsha P,Female,II PUC,A,84,54,52,43,65,96,310,62.0,C
STU0782,Ananya V,Male,I PUC,D,81,57,50,59,58,46,270,54.0,D
STU0783,Aditya N,Female,I PUC,D,84,95,41,45,55,65,301,60.2,C
STU0784,Varun X,Male,II PUC,D,72,98,86,95,58,60,397,79.4,B
STU0785,Sneha S,Female,I PUC,D,85,50,55,80,57,94,336,67.2,C
STU0786,Harsha N,Female,I PUC,D,82,58,49,48,61,58,274,54.8,D
STU0787,Nikhil P,Male,II PUC,B,99,79,63,86,57,65,350,70.0,B
STU0788,Aarav U,Male,I PUC,B,84,68,70,87,73,97,395,79.0,B
STU0789,Vihaan R,Male,II PUC,D,88,61,75,66,69,85,356,71.2,B
STU0790,Priya J,Male,I PUC,D,70,45,98,67,66,64,340,68.0,C
STU0791,Vivaan I,Male,II PUC,D,91,85,60,98,99,86,428,85.6,A
STU0792,Vihaan F,Female,I PUC,C,92,92,66,95,71,90,414,82.8,A
STU0793,Harsha W,Male,I PUC,B,85,71,78,88,85,92,414,82.8,A
STU0794,Kiran G,Female,II PUC,A,65,85,68,92,91,53,389,77.8,B
STU0795,Pooja V,Female,II PUC,D,73,52,50,57,83,90,332,66.4,C
STU0796,Varun K,Female,I PUC,A,76,75,95,89,58,61,378,75.6,B
STU0797,Aarav A,Male,I PUC,D,79,71,63,53,75,69,331,66.2,C
STU0798,Pooja N,Female,I PUC,A,90,57,56,86,60,48,307,61.4,C
STU0799,Nikhil Y,Female,II PUC,A,98,68,50,78,57,45,298,59.6,D
STU0800,Diya X,Female,II PUC,B,82,59,85,55,62,100,361,72.2,B
STU0801,Rahul N,Male,II PUC,B,83,72,94,55,88,58,367,73.4,B
STU0802,Priya L,Female,I PUC,A,93,46,58,58,65,84,311,62.2,C
STU0803,Rahul W,Female,II PUC,C,90,75,48,97,70,89,379,75.8,B
STU0804,Priya P,Female,I PUC,A,86,49,46,77,53,48,273,54.6,D
STU0805,Rohan E,Male,I PUC,C,90,61,72,81,74,64,352,70.4,B
STU0806,Aditya K,Female,I PUC,C,73,55,72,73,71,74,345,69.0,C
STU0807,Rohan N,Female,II PUC,C,82,52,60,44,58,76,290,58.0,D
STU0808,Arjun R,Female,I PUC,B,96,78,60,69,60,65,332,66.4,C
STU0809,Ananya F,Female,II PUC,A,95,54,43,56,61,47,261,52.2,D
STU0810,Meera O,Female,I PUC,B,100,76,42,70,72,90,350,70.0,B
STU0811,Sai F,Female,I PUC,A,83,52,62,47,63,100,324,64.8,C
STU0812,Priya Y,Female,I PUC,C,69,78,89,78,61,71,377,75.4,B
STU0813,Rohan S,Male,II PUC,B,90,46,58,85,93,52,334,66.8,C
STU0814,Harsha U,Female,I PUC,C,95,46,45,71,95,87,344,68.8,C
STU0815,Rahul B,Female,II PUC,A,73,47,81,81,78,65,352,70.4,B
STU0816,Kiran I,Male,I PUC,D,70,92,44,77,88,69,370,74.0,B
STU0817,Kiran J,Male,I PUC,C,89,50,41,96,63,55,305,61.0,C
STU0818,Pooja E,Female,I PUC,C,84,76,91,69,97,96,429,85.8,A
STU0819,Ananya S,Female,I PUC,D,95,77,52,73,78,69,349,69.8,C
STU0820,Aditya B,Female,II PUC,B,92,96,63,81,61,72,373,74.6,B
STU0821,Ishita C,Female,II PUC,D,98,86,83,87,59,76,391,78.2,B
STU0822,Arjun V,Female,I PUC,D,74,50,98,93,80,64,385,77.0,B
STU0823,Ishita D,Female,II PUC,A,67,63,76,45,85,49,318,63.6,C
STU0824,Rohan I,Male,I PUC,A,81,74,82,88,86,97,427,85.4,A
STU0825,Kiran B,Male,II PUC,C,76,92,82,71,61,95,401,80.2,A
STU0826,Pooja Z,Female,II PUC,B,93,65,77,88,79,93,402,80.4,A
STU0827,Vihaan N,Male,I PUC,D,81,58,51,47,97,83,336,67.2,C
STU0828,Kiran V,Female,II PUC,C,94,52,40,52,91,75,310,62.0,C
STU0829,Aditya E,Male,I PUC,B,84,89,83,86,93,70,421,84.2,A
STU0830,Rahul P,Male,I PUC,D,66,52,92,43,94,57,338,67.6,C
STU0831,Aditya J,Female,I PUC,D,77,98,80,96,100,79,453,90.6,A+
STU0832,Meera P,Male,II PUC,B,93,72,41,49,60,54,276,55.2,D
STU0833,Aarav D,Female,II PUC,D,86,57,58,78,75,48,316,63.2,C
STU0834,Vivaan P,Female,II PUC,D,83,92,77,80,96,80,425,85.0,A
STU0835,Varun K,Male,II PUC,D,92,59,85,45,83,46,318,63.6,C
STU0836,Harsha W,Female,I PUC,B,87,75,47,73,89,86,370,74.0,B
STU0837,Priya Q,Male,II PUC,D,93,63,86,54,80,67,350,70.0,B
STU0838,Nikhil V,Female,II PUC,B,89,53,96,60,96,90,395,79.0,B
STU0839,Meera E,Male,I PUC,B,70,84,53,60,94,92,383,76.6,B
STU0840,Diya H,Male,I PUC,A,96,83,71,48,100,71,373,74.6,B
STU0841,Sai Q,Male,I PUC,C,75,67,96,58,72,88,381,76.2,B
STU0842,Priya P,Female,II PUC,C,100,72,47,81,64,52,316,63.2,C
STU0843,Ishita T,Male,I PUC,D,74,94,42,91,85,62,374,74.8,B
STU0844,Pooja T,Male,I PUC,A,71,96,69,95,98,52,410,82.0,A
STU0845,Diya W,Female,II PUC,A,75,55,80,49,63,68,315,63.0,C
STU0846,Vihaan G,Female,II PUC,A,73,54,81,65,71,97,368,73.6,B
STU0847,Ishita F,Male,II PUC,C,83,60,93,93,80,66,392,78.4,B
STU0848,Arjun Y,Female,I PUC,B,80,90,88,68,73,85,404,80.8,A
STU0849,Rohan A,Female,I PUC,A,98,96,67,68,76,74,381,76.2,B
STU0850,Sneha M,Male,II PUC,A,86,90,91,75,54,50,360,72.0,B
STU0851,Varun B,Female,II PUC,D,74,70,88,44,92,86,380,76.0,B
STU0852,Rohan A,Female,I PUC,D,85,88,84,77,69,91,409,81.8,A
STU0853,Rohan Z,Female,I PUC,C,93,73,81,55,84,84,377,75.4,B
STU0854,Ishita R,Female,I PUC,A,73,50,42,76,71,69,308,61.6,C
STU0855,Aarav A,Female,I PUC,C,75,77,75,61,83,66,362,72.4,B
STU0856,Rohan I,Female,I PUC,A,68,91,67,74,57,91,380,76.0,B
STU0857,Harsha K,Male,I PUC,C,65,93,81,49,78,64,365,73.0,B
STU0858,Kiran Q,Male,I PUC,C,73,64,58,84,100,97,403,80.6,A
STU0859,Vihaan E,Female,II PUC,A,94,78,77,54,99,68,376,75.2,B
STU0860,Harsha C,Female,II PUC,D,78,50,43,69,58,75,295,59.0,D
STU0861,Harsha W,Female,II PUC,B,92,100,56,79,81,85,401,80.2,A
STU0862,Arjun W,Male,I PUC,D,94,54,72,50,81,90,347,69.4,C
STU0863,Vihaan T,Female,I PUC,A,88,75,42,89,60,80,346,69.2,C
STU0864,Vihaan L,Female,II PUC,C,74,68,76,60,52,78,334,66.8,C
STU0865,Varun N,Male,II PUC,C,74,63,71,43,100,54,331,66.2,C
STU0866,Vihaan R,Female,I PUC,A,65,58,51,94,97,76,376,75.2,B
STU0867,Sneha Z,Female,II PUC,B,93,71,70,78,69,81,369,73.8,B
STU0868,Harsha E,Female,I PUC,D,93,93,48,74,90,74,379,75.8,B
STU0869,Vivaan V,Female,II PUC,A,99,69,54,99,75,66,363,72.6,B
STU0870,Akash U,Male,I PUC,B,84,100,50,87,51,81,369,73.8,B
STU0871,Rahul Y,Female,I PUC,A,98,84,74,78,98,48,382,76.4,B
STU0872,Rahul H,Female,I PUC,C,82,87,99,76,61,46,369,73.8,B
STU0873,Sneha N,Male,II PUC,A,66,70,77,44,81,100,372,74.4,B
STU0874,Vihaan D,Male,II PUC,B,70,100,73,62,74,61,370,74.0,B
STU0875,Nikhil V,Male,I PUC,C,84,56,56,91,55,54,312,62.4,C
STU0876,Vihaan K,Male,II PUC,C,89,56,41,87,53,64,301,60.2,C
STU0877,Priya Y,Male,II PUC,D,77,61,64,94,57,48,324,64.8,C
STU0878,Nikhil C,Female,I PUC,D,100,52,57,45,70,74,298,59.6,D
STU0879,Varun V,Male,I PUC,B,100,85,54,100,51,62,352,70.4,B
STU0880,Rahul Z,Male,II PUC,B,97,64,76,68,78,50,336,67.2,C
STU0881,Vivaan A,Female,II PUC,B,93,95,55,76,77,80,383,76.6,B
STU0882,Kiran L,Male,II PUC,A,81,45,43,100,80,62,330,66.0,C
STU0883,Aditya M,Male,I PUC,C,84,55,87,76,86,49,353,70.6,B
STU0884,Sneha U,Female,II PUC,C,85,72,53,81,82,96,384,76.8,B
STU0885,Pooja K,Male,I PUC,A,94,60,82,62,71,58,333,66.6,C
STU0886,Nikhil R,Female,II PUC,A,76,83,70,42,50,88,333,66.6,C
STU0887,Aarav V,Female,I PUC,C,99,95,96,83,91,49,414,82.8,A
STU0888,Sai Y,Male,I PUC,D,89,97,64,94,88,67,410,82.0,A
STU0889,Aarav Y,Female,II PUC,B,79,68,99,54,78,45,344,68.8,C
STU0890,Priya P,Female,I PUC,C,79,50,92,81,90,64,377,75.4,B
STU0891,Aarav G,Female,I PUC,C,78,76,97,87,95,83,438,87.6,A
STU0892,Varun V,Male,I PUC,B,77,81,72,73,60,80,366,73.2,B
STU0893,Ishita X,Female,I PUC,A,79,92,44,50,66,81,333,66.6,C
STU0894,Harsha A,Female,I PUC,C,100,89,83,76,89,61,398,79.6,B
STU0895,Harsha P,Female,I PUC,B,98,72,94,68,67,52,353,70.6,B
STU0896,Sneha A,Female,I PUC,C,93,48,57,100,76,79,360,72.0,B
STU0897,Nikhil C,Male,I PUC,B,79,50,96,78,51,92,367,73.4,B
STU0898,Aarav P,Female,I PUC,C,71,66,59,46,90,85,346,69.2,C
STU0899,Sneha B,Female,I PUC,A,80,98,56,57,56,75,342,68.4,C
STU0900,Harsha S,Male,I PUC,A,71,94,78,81,78,93,424,84.8,A
STU0901,Vivaan Z,Female,I PUC,C,73,47,64,62,94,49,316,63.2,C
STU0902,Akash B,Female,II PUC,D,68,84,80,69,54,51,338,67.6,C
STU0903,Harsha M,Female,II PUC,A,65,51,79,90,76,59,355,71.0,B
STU0904,Ishita K,Male,I PUC,A,94,66,81,85,100,46,378,75.6,B
STU0905,Varun E,Female,II PUC,D,77,45,78,87,54,82,346,69.2,C
STU0906,Arjun Z,Male,I PUC,B,80,75,86,81,78,56,376,75.2,B
STU0907,Diya S,Male,I PUC,D,87,64,77,69,82,86,378,75.6,B
STU0908,Ishita S,Male,I PUC,B,65,64,78,63,68,68,341,68.2,C
STU0909,Nikhil L,Male,I PUC,B,68,77,92,95,85,99,448,89.6,A
STU0910,Harsha T,Female,II PUC,C,95,95,44,63,62,87,351,70.2,B
STU0911,Meera H,Male,I PUC,B,67,71,61,52,56,74,314,62.8,C
STU0912,Kiran G,Female,I PUC,A,86,74,79,55,65,75,348,69.6,C
STU0913,Vihaan E,Female,II PUC,B,100,68,40,46,72,46,272,54.4,D
STU0914,Aarav G,Male,II PUC,B,67,85,77,100,98,68,428,85.6,A
STU0915,Akash H,Male,I PUC,A,86,59,96,58,96,56,365,73.0,B
STU0916,Kiran U,Male,II PUC,B,73,56,93,58,56,46,309,61.8,C
STU0917,Sai Q,Female,I PUC,A,88,64,69,57,73,96,359,71.8,B
STU0918,Akash M,Female,II PUC,D,77,54,96,50,100,57,357,71.4,B
STU0919,Akash J,Male,II PUC,B,77,85,55,100,52,93,385,77.0,B
STU0920,Ishita S,Female,I PUC,A,73,48,80,92,67,100,387,77.4,B
STU0921,Sai Q,Female,II PUC,D,69,95,70,92,92,84,433,86.6,A
STU0922,Ishita W,Female,II PUC,D,88,78,69,53,70,90,360,72.0,B
STU0923,Rahul H,Male,II PUC,B,67,62,77,67,90,95,391,78.2,B
STU0924,Rohan I,Male,I PUC,A,75,70,53,61,77,69,330,66.0,C
STU0925,Harsha Q,Female,II PUC,D,67,63,68,75,72,59,337,67.4,C
STU0926,Sneha I,Female,I PUC,B,96,74,67,68,73,96,378,75.6,B
STU0927,Aditya J,Male,II PUC,B,87,73,54,58,91,49,325,65.0,C
STU0928,Rahul K,Male,II PUC,C,99,51,47,46,73,47,264,52.8,D
STU0929,Rahul W,Male,II PUC,A,82,64,87,94,99,88,432,86.4,A
STU0930,Kiran S,Male,II PUC,B,90,94,59,60,72,95,380,76.0,B
STU0931,Meera H,Female,II PUC,C,78,100,65,56,64,91,376,75.2,B
STU0932,Rahul O,Female,I PUC,C,91,95,45,62,62,72,336,67.2,C
STU0933,Meera Z,Female,II PUC,B,65,53,76,97,58,64,348,69.6,C
STU0934,Diya K,Male,I PUC,B,99,71,67,85,98,70,391,78.2,B
STU0935,Kiran G,Female,I PUC,D,90,54,100,63,86,85,388,77.6,B
STU0936,Diya C,Male,I PUC,B,93,57,70,48,71,81,327,65.4,C
STU0937,Sai G,Male,II PUC,C,66,47,92,86,88,76,389,77.8,B
STU0938,Harsha B,Female,I PUC,B,69,58,54,60,92,78,342,68.4,C
STU0939,Vihaan E,Female,II PUC,A,75,65,95,100,76,70,406,81.2,A
STU0940,Diya N,Female,I PUC,C,78,69,97,97,63,53,379,75.8,B
STU0941,Ananya G,Male,I PUC,D,94,82,52,74,95,88,391,78.2,B
STU0942,Ishita K,Female,II PUC,D,80,49,92,67,88,96,392,78.4,B
STU0943,Rohan W,Female,II PUC,B,94,81,42,89,55,63,330,66.0,C
STU0944,Harsha M,Male,I PUC,D,92,71,55,53,89,91,359,71.8,B
STU0945,Ananya U,Female,I PUC,B,75,89,100,44,65,100,398,79.6,B
STU0946,Aditya Y,Male,II PUC,D,88,76,66,90,85,52,369,73.8,B
STU0947,Harsha A,Male,II PUC,D,67,73,50,58,63,77,321,64.2,C
STU0948,Aarav I,Male,I PUC,C,67,66,87,67,62,70,352,70.4,B
STU0949,Aditya R,Male,II PUC,B,69,87,87,71,81,74,400,80.0,A
STU0950,Pooja D,Male,II PUC,A,66,75,92,59,60,55,341,68.2,C
STU0951,Ananya E,Female,II PUC,B,65,79,87,67,60,49,342,68.4,C
STU0952,Harsha W,Male,I PUC,D,78,58,85,44,93,79,359,71.8,B
STU0953,Vivaan Y,Female,I PUC,B,65,89,59,70,53,83,354,70.8,B
STU0954,Nikhil A,Male,II PUC,B,66,68,98,57,62,50,335,67.0,C
STU0955,Sai B,Female,I PUC,C,75,88,82,46,64,51,331,66.2,C
STU0956,Akash M,Female,I PUC,B,78,65,75,82,62,84,368,73.6,B
STU0957,Kiran U,Female,I PUC,D,65,58,46,64,70,56,294,58.8,D
STU0958,Pooja L,Male,I PUC,B,82,58,69,56,54,87,324,64.8,C
STU0959,Akash Z,Male,II PUC,A,71,71,59,91,88,76,385,77.0,B
STU0960,Sneha F,Female,II PUC,A,73,83,60,82,94,69,388,77.6,B
STU0961,Ishita U,Male,I PUC,B,89,66,41,80,87,73,347,69.4,C
STU0962,Nikhil Y,Male,I PUC,A,80,46,79,90,57,64,336,67.2,C
STU0963,Kiran G,Male,I PUC,D,74,53,63,73,68,57,314,62.8,C
STU0964,Vivaan Q,Female,II PUC,A,85,92,96,63,58,62,371,74.2,B
STU0965,Rahul R,Male,I PUC,B,80,59,94,88,71,66,378,75.6,B
STU0966,Harsha U,Male,I PUC,D,76,83,95,66,83,65,392,78.4,B
STU0967,Arjun C,Male,I PUC,B,78,49,52,45,90,54,290,58.0,D
STU0968,Sai X,Male,I PUC,D,84,77,45,69,96,74,361,72.2,B
STU0969,Rahul I,Female,I PUC,C,93,56,78,57,69,63,323,64.6,C
STU0970,Ishita T,Female,I PUC,D,92,70,64,52,80,73,339,67.8,C
STU0971,Diya T,Male,I PUC,C,70,46,88,66,77,99,376,75.2,B
STU0972,Akash T,Female,I PUC,C,89,69,69,61,79,63,341,68.2,C
STU0973,Aarav A,Female,II PUC,D,77,53,85,72,62,54,326,65.2,C
STU0974,Meera J,Male,II PUC,A,89,71,100,67,97,68,403,80.6,A
STU0975,Ananya Y,Female,II PUC,C,92,52,64,78,60,57,311,62.2,C
STU0976,Priya P,Male,II PUC,A,80,89,43,83,74,72,361,72.2,B
STU0977,Arjun I,Male,I PUC,A,94,89,82,83,59,61,374,74.8,B
STU0978,Kiran W,Male,I PUC,D,89,52,89,47,91,90,369,73.8,B
STU0979,Ishita R,Female,II PUC,D,84,55,93,69,66,89,372,74.4,B
STU0980,Arjun I,Male,II PUC,C,87,93,96,88,55,51,383,76.6,B
STU0981,Aditya Y,Female,II PUC,C,71,45,50,94,81,45,315,63.0,C
STU0982,Arjun G,Female,I PUC,A,76,91,67,52,61,68,339,67.8,C
STU0983,Vivaan X,Male,I PUC,C,77,73,76,94,63,56,362,72.4,B
STU0984,Sai C,Female,I PUC,D,71,100,66,70,90,84,410,82.0,A
STU0985,Meera P,Male,I PUC,A,80,52,57,46,71,46,272,54.4,D
STU0986,Vihaan G,Male,II PUC,C,67,62,88,42,92,82,366,73.2,B
STU0987,Sneha L,Female,II PUC,B,92,76,70,90,71,83,390,78.0,B
STU0988,Rohan K,Male,I PUC,D,68,68,82,67,74,84,375,75.0,B
STU0989,Aarav T,Male,II PUC,B,73,100,84,67,96,98,445,89.0,A
STU0990,Ishita N,Male,I PUC,C,95,68,68,81,93,87,397,79.4,B
STU0991,Harsha H,Female,II PUC,A,85,46,80,65,52,96,339,67.8,C
STU0992,Kiran J,Male,I PUC,A,71,67,67,72,92,99,397,79.4,B
STU0993,Harsha F,Female,I PUC,D,100,53,71,92,55,64,335,67.0,C
STU0994,Aditya D,Female,I PUC,B,75,87,74,57,65,58,341,68.2,C
STU0995,Ananya V,Female,I PUC,B,79,65,97,66,99,62,389,77.8,B
STU0996,Priya S,Male,II PUC,D,86,79,80,88,81,50,378,75.6,B
STU0997,Nikhil Z,Male,I PUC,C,100,90,87,89,96,69,431,86.2,A
STU0998,Varun G,Male,II PUC,B,86,52,58,47,57,50,264,52.8,D
STU0999,Diya B,Male,II PUC,D,65,99,60,66,86,92,403,80.6,A
STU1000,Ishita V,Male,I PUC,D,73,65,89,65,93,95,407,81.4,A
